brand,id,name,url,address
Tinex,511,КАРПОШ-3,http://ceni.tinex.mk/?page=1&perPage=100&search=&org=511,
Tinex,512,АЕРОДРОМ,http://ceni.tinex.mk/?page=1&perPage=100&search=&org=512,
Tinex,513,КАРПОШ-4,http://ceni.tinex.mk/?page=1&perPage=100&search=&org=513,
Tinex,517,ШИПАД,http://ceni.tinex.mk/?page=1&perPage=100&search=&org=517,
Tinex,521,КИСЕЛА ВОДА - 1,http://ceni.tinex.mk/?page=1&perPage=100&search=&org=521,
Tinex,522,Космо Дајмонд,http://ceni.tinex.mk/?page=1&perPage=100&search=&org=522,
Tinex,523,Спот 1 Водњанска,http://ceni.tinex.mk/?page=1&perPage=100&search=&org=523,
Tinex,524,КИСЕЛА ВОДА - 2,http://ceni.tinex.mk/?page=1&perPage=100&search=&org=524,
Tinex,525,ВОДНО ДЕЛИКАТЕСЕН,http://ceni.tinex.mk/?page=1&perPage=100&search=&org=525,
Tinex,526,ДРЖАВНА,http://ceni.tinex.mk/?page=1&perPage=100&search=&org=526,
Tinex,527,ЦЕНТАР - 2,http://ceni.tinex.mk/?page=1&perPage=100&search=&org=527,
Tinex,528,Спот 2 Даме  Груев,http://ceni.tinex.mk/?page=1&perPage=100&search=&org=528,
Tinex,529,Илинден,http://ceni.tinex.mk/?page=1&perPage=100&search=&org=529,
Tinex,533,ОХРИД 1,http://ceni.tinex.mk/?page=1&perPage=100&search=&org=533,
Tinex,536,ЃОРЧЕ ПЕТРОВ,http://ceni.tinex.mk/?page=1&perPage=100&search=&org=536,
Tinex,540,Маркет Порта Аеродром,http://ceni.tinex.mk/?page=1&perPage=100&search=&org=540,
Tinex,542,КАВАДАРЦИ,http://ceni.tinex.mk/?page=1&perPage=100&search=&org=542,
Tinex,546,ОХРИД 2 ДИСКОНТ,http://ceni.tinex.mk/?page=1&perPage=100&search=&org=546,
Tinex,547,ТЕТОВО 1,http://ceni.tinex.mk/?page=1&perPage=100&search=&org=547,
Tinex,548,СУПЕР 14 СТРУМИЦА,http://ceni.tinex.mk/?page=1&perPage=100&search=&org=548,
Tinex,549,СУПЕР 15 МАЈЧИН ДОМ,http://ceni.tinex.mk/?page=1&perPage=100&search=&org=549,
Tinex,550,КОСМО 15 ТЕТОВО,http://ceni.tinex.mk/?page=1&perPage=100&search=&org=550,
Tinex,552,БИТОЛА 1,http://ceni.tinex.mk/?page=1&perPage=100&search=&org=552,
Tinex,553,БУЊАКОВЕЦ ДЕЛИКАТЕСЕН,http://ceni.tinex.mk/?page=1&perPage=100&search=&org=553,
Tinex,554,ХРОМ,http://ceni.tinex.mk/?page=1&perPage=100&search=&org=554,
Tinex,555,СУПЕР 4 РАДЕ КОНЧАР,http://ceni.tinex.mk/?page=1&perPage=100&search=&org=555,
Tinex,556,БИТОЛА 2,http://ceni.tinex.mk/?page=1&perPage=100&search=&org=556,
Tinex,558,ПИОМ,http://ceni.tinex.mk/?page=1&perPage=100&search=&org=558,
Tinex,560,СУПЕР 16 ИСТ ГЕЈТ,http://ceni.tinex.mk/?page=1&perPage=100&search=&org=560,
Tinex,561,СУПЕР 1 ГОДЕЛ,http://ceni.tinex.mk/?page=1&perPage=100&search=&org=561,
Tinex,563,СТАРА ТЕЛЕВИЗИЈА-ДИСКОНТ,http://ceni.tinex.mk/?page=1&perPage=100&search=&org=563,
Tinex,564,ПРИЛЕП,http://ceni.tinex.mk/?page=1&perPage=100&search=&org=564,
Tinex,565,СУПЕР 2 КАТНА,http://ceni.tinex.mk/?page=1&perPage=100&search=&org=565,
Tinex,566,КОСМО 1 ЗЕБРА,http://ceni.tinex.mk/?page=1&perPage=100&search=&org=566,
Tinex,567,КОСМО 2 ГРАДСКИ ЅИД,http://ceni.tinex.mk/?page=1&perPage=100&search=&org=567,
Tinex,569,КОСМО 16 ИСТ ГЕЈТ,http://ceni.tinex.mk/?page=1&perPage=100&search=&org=569,
Tinex,571,СУПЕР 3 ПРВОМАЈСКА,http://ceni.tinex.mk/?page=1&perPage=100&search=&org=571,
Tinex,572,СУПЕР 5 КУМАНОВО,http://ceni.tinex.mk/?page=1&perPage=100&search=&org=572,
Tinex,573,КОСМО 3 КУМАНОВО,http://ceni.tinex.mk/?page=1&perPage=100&search=&org=573,
Tinex,574,СУПЕР 6 ДРАМСКИ,http://ceni.tinex.mk/?page=1&perPage=100&search=&org=574,
Tinex,585,СУПЕР 7 ОХРИД 3,http://ceni.tinex.mk/?page=1&perPage=100&search=&org=585,
Tinex,586,КОСМО 13 СИТИ МОЛ,http://ceni.tinex.mk/?page=1&perPage=100&search=&org=586,
Tinex,587,СТРУГА 3,http://ceni.tinex.mk/?page=1&perPage=100&search=&org=587,
Tinex,588,ДРАЧЕВО,http://ceni.tinex.mk/?page=1&perPage=100&search=&org=588,
Tinex,589,СУПЕР 8 МЛЕЧЕН КАПИШТЕЦ,http://ceni.tinex.mk/?page=1&perPage=100&search=&org=589,
Tinex,590,СУПЕР 9 ЗЛОКУЌАНИ,http://ceni.tinex.mk/?page=1&perPage=100&search=&org=590,
Tinex,592,СУПЕР 10 ЦВЕТЕН ПАЗАР,http://ceni.tinex.mk/?page=1&perPage=100&search=&org=592,
Tinex,593,КОЧАНИ,http://ceni.tinex.mk/?page=1&perPage=100&search=&org=593,
Tinex,594,ДЕЛИКАТЕСЕН ТИНЕКС,http://ceni.tinex.mk/?page=1&perPage=100&search=&org=594,
Tinex,596,СУПЕР 11 ТЦ ЛИСА,http://ceni.tinex.mk/?page=1&perPage=100&search=&org=596,
Tinex,597,КОСМО 14 ТЦ ЛИСА,http://ceni.tinex.mk/?page=1&perPage=100&search=&org=597,
Tinex,598,СУПЕР 12 ПРИЛЕП,http://ceni.tinex.mk/?page=1&perPage=100&search=&org=598,
Tinex,599,СУПЕР 13 ПРАШКА,http://ceni.tinex.mk/?page=1&perPage=100&search=&org=599,
KAM,madzari,Маџари,https://kam.com.mk/price_markets/madzari/,ул.Благоја Стефковски бр.12
KAM,novo-lisiche-1,Ново Лисиче-1,https://kam.com.mk/price_markets/novo-lisiche-1/,бул. Видое Смилевски Бато бр.13
KAM,drachevo,Драчево,https://kam.com.mk/price_markets/drachevo/,ул.Иван Хаџиниколов бр. 6 Б Драчево
KAM,valandovo,Валандово,https://kam.com.mk/price_markets/valandovo/,ул.Првомајска бр.14/А
KAM,kozle-1,Козле-1,https://kam.com.mk/price_markets/kozle-1/,ул. Козле бр.53
KAM,gtts,ГТЦ,https://kam.com.mk/price_markets/gtts/,Кеј 13-ти Ноември бб ГТЦ-Сутерен
KAM,kapishtets-nov,Капиштец НОВ,https://kam.com.mk/price_markets/kapishtets-nov/,Народен Фронт бр.23
KAM,chento,Ченто,https://kam.com.mk/price_markets/chento/,ул. Маџари бб
KAM,sever,Север,https://kam.com.mk/price_markets/sever/,ул. Тале Христов бр.2
KAM,avtokomanda,Автокоманда,https://kam.com.mk/price_markets/avtokomanda/,ул. Јани Лукровски бр.3
KAM,taftalidhe,Тафталиџе,https://kam.com.mk/price_markets/taftalidhe/,ул. Лондонска бб
KAM,kumanovo-2,Куманово-2,https://kam.com.mk/price_markets/kumanovo-2/,ул. Октомвриска Револуција бр.КП 13652
KAM,kisela-voda,Кисела Вода,https://kam.com.mk/price_markets/kisela-voda/,ул. Сава Ковачевиќ бр.69
KAM,kichevo,Кичево,https://kam.com.mk/price_markets/kichevo/,ул. Маршал Тито бб/КП2175
KAM,skopjanka,Скопјанка,https://kam.com.mk/price_markets/skopjanka/,бул.Кузман Јосифовски Питу Бр19/Скопјанка
KAM,bitola-1,Битола-1,https://kam.com.mk/price_markets/bitola-1/,ул. Генерал Васко Каранѓелески бр.ББ сутерен
KAM,shtip-1,Штип-1,https://kam.com.mk/price_markets/shtip-1/,ул. Сремски Фронт бр 7
KAM,gostivar-2,Гостивар-2,https://kam.com.mk/price_markets/gostivar-2/,ул. Беличица бр.бб/КП7717
KAM,michurin,Мичурин,https://kam.com.mk/price_markets/michurin/,Ул. ВЕНИЈАМИН МАЧУКОВСКИ Бр.6 СКОПЈЕ
KAM,ohrid-1,Охрид-1,https://kam.com.mk/price_markets/ohrid-1/,Бул.Туристичка бр.6
KAM,novo-lisiche-2,Ново Лисиче-2,https://kam.com.mk/price_markets/novo-lisiche-2/,бул. Видое Смилевски Бато бб
KAM,tetovo-5,Тетово-5,https://kam.com.mk/price_markets/tetovo-5/,ул. Страшо Пинџур бр.КП1744/1/зав.вопл-бр.1992
KAM,aerodrom-3,Аеродром-3,https://kam.com.mk/price_markets/aerodrom-3/,бул. Јане Сандански бр.79А
KAM,kriva-palanka,Крива Паланка,https://kam.com.mk/price_markets/kriva-palanka/,ул.Св.Јоаким Осоговски бр.1Г
KAM,shtip-2,Штип-2,https://kam.com.mk/price_markets/shtip-2/,ул.Кеј Маршал Тито бр.19
KAM,butel,Бутел,https://kam.com.mk/price_markets/butel/,ул.Петар Манџуков бр.16
KAM,kisela-voda-2,Кисела Вода 2,https://kam.com.mk/price_markets/kisela-voda-2/,Ул. МИХАИЛ ЧАКОВ Бр.5 СКОПЈЕ - КИСЕЛА ВОДА
KAM,veles,Велес,https://kam.com.mk/price_markets/veles/,ул. Маршал Тито бр.бб КП 4501/згр.2вл.1-сутерен
KAM,mvr,МВР,https://kam.com.mk/price_markets/mvr/,ул. 50-та Дивизија бб
KAM,karposh-4,Карпош-4,https://kam.com.mk/price_markets/karposh-4/,бул. Партизански Oдреди бр.80А/КП29754-сутерен
KAM,bunakovets,Буњаковец,https://kam.com.mk/price_markets/bunakovets/,бул. Партизански Одреди бр.КП 10184/дел.5згр.1 подрум
KAM,bitola-2,Битола-2,https://kam.com.mk/price_markets/bitola-2/,ул. Коле Неделковски бр.ББ М.В.И.Д Жокановски КП 3524
KAM,gostivar-1,Гостивар-1,https://kam.com.mk/price_markets/gostivar-1/,бул. Браќа Гиноски бр.бб/Кп3510
KAM,shtip-3,Штип-3,https://kam.com.mk/price_markets/shtip-3/,ул. Сутјеска бб
KAM,kumanovo-1,Куманово-1,https://kam.com.mk/price_markets/kumanovo-1/,ул. Моша Пијаде бб
KAM,kochani,Кочани,https://kam.com.mk/price_markets/kochani/,Ул.29-ти Ноември бр.бб
KAM,kavadartsi,Кавадарци,https://kam.com.mk/price_markets/kavadartsi/,ул.Охридска бр.1ББ
KAM,strumitsa,Струмица,https://kam.com.mk/price_markets/strumitsa/,ул.Гоце Делчев бр.ББ/КП 2134/5
KAM,porta-nov,Порта-нов,https://kam.com.mk/price_markets/porta-nov/,Ангел Динев Бр.3А-1А/кат.приз./КП 7047/2
KAM,tsrniche,Црниче,https://kam.com.mk/price_markets/tsrniche/,Востаничка бр.59 за КО/Кисела Вода
KAM,ohrid-2,Охрид-2,https://kam.com.mk/price_markets/ohrid-2/,7-Ми Ноември Бр.згр1 вл/1 и 2 кат/приземје
KAM,prilep-3,Прилеп-3,https://kam.com.mk/price_markets/prilep-3/,11-Ти Октомври Бр 2-А/15/КП 15628
KAM,debar,Дебар,https://kam.com.mk/price_markets/debar/,У л. 101 Бр.3/1 ДЕБАР
KAM,debarmaalo,Дебармаало,https://kam.com.mk/price_markets/debarmaalo/,Благој Давков бр.2
KAM,radishani,Радишани,https://kam.com.mk/price_markets/radishani/,Радишанска бр.4В
KAM,drachevo-2,Драчево-2,https://kam.com.mk/price_markets/drachevo-2/,Јустинијан Први 2 Бр1А
KAM,veles-2,Велес-2,https://kam.com.mk/price_markets/veles-2/,11-Октомври Бр 17
KAM,ohrid-4,Охрид-4,https://kam.com.mk/price_markets/ohrid-4/,ул.Градско Пазариште бр 20
KAM,strumitsa-2,Струмица 2,https://kam.com.mk/price_markets/strumitsa-2/,ул.Маршал Тито бр.142
KAM,struga-3,Струга-3,https://kam.com.mk/price_markets/struga-3/,ул.ЈНА бр.1 згр.1/1-1 пр.
KAM,tetovo-4,Тетово-4,https://kam.com.mk/price_markets/tetovo-4/,ул.Љупче Момировски бр.14
KAM,dhon-kenedi-2,Џон Кенеди 2,https://kam.com.mk/price_markets/dhon-kenedi-2/,ул. Џон Кенеди бр.18
KAM,novoselski-pat,Новоселски пат,https://kam.com.mk/price_markets/novoselski-pat/,ул.1 бр.3Б Ново Село
KAM,struga-4,Струга 4,https://kam.com.mk/price_markets/struga-4/,ул.Маршал Тито бр.1/1
KAM,ilinden,Илинден,https://kam.com.mk/price_markets/ilinden/,ул.534 бр.23 Марино
KAM,saraj,Сарај,https://kam.com.mk/price_markets/saraj/,ул.20 бр.138 Сарај
KAM,negotino,Неготино,https://kam.com.mk/price_markets/negotino/,Ул. ПАРТИЗАНСКА Бр.29 Г НЕГОТИНО
KAM,radovish,Радовиш,https://kam.com.mk/price_markets/radovish/,Ул. БУЛЕВАР АЛЕКСАНДАР МАКЕДОНСКИ Бр.34 А
KAM,resen,Ресен,https://kam.com.mk/price_markets/resen/,Ул. ЛЕНИНОВА Бр.бр. 25 РЕС ЕН
KAM,prilep-4,Прилеп 4,https://kam.com.mk/price_markets/prilep-4/,Ул. БРАЌА МИЛАДИНОВЦИ Бр.1-3 ПРИЛЕП
KAM,mlechen,Млечен,https://kam.com.mk/price_markets/mlechen/,"ул.Митрополит Теодосиј Гологанов бр.74 Скопје, Тафталиџе , општина Карпош"
KAM,riteil-park,Ритеил Парк,https://kam.com.mk/price_markets/riteil-park/,"Булевар Македонско Косовска Бригада бр.67, зграда бр.2 ,влез 1"
KAM,gents,Генц,https://kam.com.mk/price_markets/gents/,ул.Попово Блато бр.1/приземје-1 Струга
KAM,bis-oil-vlae,Бис Оил Влае,https://kam.com.mk/price_markets/bis-oil-vlae/,ул.1606 бр. 2
KAM,probishtip,Пробиштип,https://kam.com.mk/price_markets/probishtip/,Ул. ЈОРДАН С ТОЈАНОВ Бр.2 ПРОБИШТИП
KAM,tetovo-prima,Тетово Прима,https://kam.com.mk/price_markets/tetovo-prima/,Ул. ВИДОЕ С МИЛЕВС КИ БАТО Бр.44/1-1 ТЕТОВО
KAM,kam-tsentar,КАМ ЦЕНТАР,https://kam.com.mk/price_markets/kam-tsentar/,"ул. Св.Кирил и Методиј бр. 3, Скопје"
KAM,bitola-3,Битола 3,https://kam.com.mk/price_markets/bitola-3/,ул. Рокдајл бр.18
KAM,prilep-5,Прилеп 5,https://kam.com.mk/price_markets/prilep-5/,ул.Андон Слабејко бр. 33Д/1
KAM,delchevo,Делчево,https://kam.com.mk/price_markets/delchevo/,Ул. БУЛЕВАР МАКЕДОНИЈА Бр.6 ДЕЛЧЕВО
KAM,gevgelija-2,Гевгелија 2,https://kam.com.mk/price_markets/gevgelija-2/,Ул. ИНДУСТРИСКА Бр.18 А ГЕВГЕЛИЈА
KAM,prilep-6,Прилеп 6,https://kam.com.mk/price_markets/prilep-6/,ул.Цар Самоил бр.28 Прилеп
KAM,kumanovo-3,Куманово 3,https://kam.com.mk/price_markets/kumanovo-3/,Ул. 7 Бр.32 КУМАНОВО
KAM,petrovets,Петровец,https://kam.com.mk/price_markets/petrovets/,ул.1 бр.91 А ПЕТРОВЕЦ
KAM,chair,Чаир,https://kam.com.mk/price_markets/chair/,ул.Ќемал Сејфула бр.15
KAM,vinitsa,Виница,https://kam.com.mk/price_markets/vinitsa/,Ул. МАРШАЛ ТИТО Бр.110 А ВИНИЦА
KAM,tetovo-remol,Тетово Ремол,https://kam.com.mk/price_markets/tetovo-remol/,Ул. 120 Бр.2 ТЕТОВО
KAM,nastel-2,Настел 2,https://kam.com.mk/price_markets/nastel-2/,ул. Макси Горки бр.13
KAM,madhari-2,Маџари 2,https://kam.com.mk/price_markets/madhari-2/,ул. Киро Глигоров бр. 4 А Скопје
KAM,gorche,Ѓорче,https://kam.com.mk/price_markets/gorche/,ул. Ѓорче Петров бр. 22
KAM,veles-3,Велес 3,https://kam.com.mk/price_markets/veles-3/,ул. Алексо Демниевски Бауман бр. 53
KAM,bisera,Бисера,https://kam.com.mk/price_markets/bisera/,Ул. АНГЕЛ ДИМОВСКИ Бр.4 СКОПЈЕ - АЕРОДРОМ
KAM,karposh,Карпош,https://kam.com.mk/price_markets/karposh/,Ул. НИКОЛА РУСИНСКИ Бр.13 СКОПЈЕ - КАРПОШ
KAM,bitola-4,Битола 4,https://kam.com.mk/price_markets/bitola-4/,Ул. ИЛИНДЕНСКА Бр.1Г БИТОЛА
KAM,gostivar-3,Гостивар 3,https://kam.com.mk/price_markets/gostivar-3/,Ул. ЈНА бр.318 А Гостивар
Vero,89_1,ВЕРО 1,https://pricelist.vero.com.mk/89_1.html,
Vero,91_1,ВЕРО 2,https://pricelist.vero.com.mk/91_1.html,
Vero,94_1,ВЕРО 3,https://pricelist.vero.com.mk/94_1.html,
Vero,97_1,ВЕРО 4,https://pricelist.vero.com.mk/97_1.html,
Vero,100_1,ВЕРО 5,https://pricelist.vero.com.mk/100_1.html,
Vero,102_1,ВЕРО 6,https://pricelist.vero.com.mk/102_1.html,
Vero,104_1,ВЕРО 7,https://pricelist.vero.com.mk/104_1.html,
Vero,106_1,ВЕРО 8,https://pricelist.vero.com.mk/106_1.html,
Vero,108_1,ВЕРО 9,https://pricelist.vero.com.mk/108_1.html,
Vero,114_1,ВЕРО 10,https://pricelist.vero.com.mk/114_1.html,
Vero,116_1,ВЕРО 11,https://pricelist.vero.com.mk/116_1.html,
Vero,120_1,ВЕРО 12,https://pricelist.vero.com.mk/120_1.html,
Vero,162_1,ВЕРО 13,https://pricelist.vero.com.mk/162_1.html,
Vero,164_1,ВЕРО 14,https://pricelist.vero.com.mk/164_1.html,
Vero,124_1,ЏАМБО 1,https://pricelist.vero.com.mk/124_1.html,
Vero,119_1,ЏАМБО 2,https://pricelist.vero.com.mk/119_1.html,
Stokomak,1,КИСЕЛА ВОДА,https://stokomak.proverkanaceni.mk/?page=1&perPage=100&search=&org=1,
Stokomak,2,КУМАНОВО 2,https://stokomak.proverkanaceni.mk/?page=1&perPage=100&search=&org=2,
Stokomak,3,КАРПОШ 2,https://stokomak.proverkanaceni.mk/?page=1&perPage=100&search=&org=3,
Stokomak,4,АВТОКОМАНДА,https://stokomak.proverkanaceni.mk/?page=1&perPage=100&search=&org=4,
Stokomak,5,БУТЕЛ,https://stokomak.proverkanaceni.mk/?page=1&perPage=100&search=&org=5,
Stokomak,6,АЕРОДРОМ 2,https://stokomak.proverkanaceni.mk/?page=1&perPage=100&search=&org=6,
Stokomak,7,ТАФТАЛИЏЕ,https://stokomak.proverkanaceni.mk/?page=1&perPage=100&search=&org=7,
Stokomak,8,МЛЕЧЕН,https://stokomak.proverkanaceni.mk/?page=1&perPage=100&search=&org=8,
Stokomak,9,ОХРИД 1,https://stokomak.proverkanaceni.mk/?page=1&perPage=100&search=&org=9,
Stokomak,10,КУМАНОВО 3,https://stokomak.proverkanaceni.mk/?page=1&perPage=100&search=&org=10,
Stokomak,11,АЕРОДРОМ 1,https://stokomak.proverkanaceni.mk/?page=1&perPage=100&search=&org=11,
Stokomak,12,КАРПОШ 4,https://stokomak.proverkanaceni.mk/?page=1&perPage=100&search=&org=12,
Stokomak,13,СИНГЕЛИЧ,https://stokomak.proverkanaceni.mk/?page=1&perPage=100&search=&org=13,
Stokomak,14,ЦЕНТАР,https://stokomak.proverkanaceni.mk/?page=1&perPage=100&search=&org=14,
Stokomak,16,КАПИШТЕЦ,https://stokomak.proverkanaceni.mk/?page=1&perPage=100&search=&org=16,
Stokomak,17,ЃОРЧЕ ПЕТРОВ 2,https://stokomak.proverkanaceni.mk/?page=1&perPage=100&search=&org=17,
Stokomak,18,ДРАЧЕВО,https://stokomak.proverkanaceni.mk/?page=1&perPage=100&search=&org=18,
Stokomak,19,КУМАНОВО 1,https://stokomak.proverkanaceni.mk/?page=1&perPage=100&search=&org=19,
Stokomak,20,ВОДЊАНСКА,https://stokomak.proverkanaceni.mk/?page=1&perPage=100&search=&org=20,
Stokomak,21,БУЊАКОВЕЦ,https://stokomak.proverkanaceni.mk/?page=1&perPage=100&search=&org=21,
Stokomak,22,НОВО ЛИСИЧЕ,https://stokomak.proverkanaceni.mk/?page=1&perPage=100&search=&org=22,
Stokomak,23,ХИПОДРОМ,https://stokomak.proverkanaceni.mk/?page=1&perPage=100&search=&org=23,
Stokomak,24,РАСАДНИК,https://stokomak.proverkanaceni.mk/?page=1&perPage=100&search=&org=24,
Stokomak,25,НОВО ЛИСИЧЕ 2,https://stokomak.proverkanaceni.mk/?page=1&perPage=100&search=&org=25,
Stokomak,26,ТОПАНСКО ПОЛЕ,https://stokomak.proverkanaceni.mk/?page=1&perPage=100&search=&org=26,
Stokomak,27,ЧАИР,https://stokomak.proverkanaceni.mk/?page=1&perPage=100&search=&org=27,
Stokomak,28,КОЗЛЕ,https://stokomak.proverkanaceni.mk/?page=1&perPage=100&search=&org=28,
Stokomak,29,МИЧУРИН,https://stokomak.proverkanaceni.mk/?page=1&perPage=100&search=&org=29,
Stokomak,30,ШТИП,https://stokomak.proverkanaceni.mk/?page=1&perPage=100&search=&org=30,
Stokomak,31,ГОРЧЕ ДЕКСИОН,https://stokomak.proverkanaceni.mk/?page=1&perPage=100&search=&org=31,
Stokomak,32,ТЕТОВО,https://stokomak.proverkanaceni.mk/?page=1&perPage=100&search=&org=32,
Stokomak,33,СЕВЕР,https://stokomak.proverkanaceni.mk/?page=1&perPage=100&search=&org=33,
Stokomak,34,РАДИШАНИ,https://stokomak.proverkanaceni.mk/?page=1&perPage=100&search=&org=34,
Stokomak,35,ЧЕНТО 2,https://stokomak.proverkanaceni.mk/?page=1&perPage=100&search=&org=35,
Stokomak,36,ИЛИНДЕН,https://stokomak.proverkanaceni.mk/?page=1&perPage=100&search=&org=36,
Stokomak,37,КУМАНОВО 4,https://stokomak.proverkanaceni.mk/?page=1&perPage=100&search=&org=37,
Stokomak,38,ПРИЛЕП,https://stokomak.proverkanaceni.mk/?page=1&perPage=100&search=&org=38,
Stokomak,39,КОЧАНИ,https://stokomak.proverkanaceni.mk/?page=1&perPage=100&search=&org=39,
Stokomak,40,ТЕТОВО 2,https://stokomak.proverkanaceni.mk/?page=1&perPage=100&search=&org=40,
Stokomak,41,ВЕЛЕС,https://stokomak.proverkanaceni.mk/?page=1&perPage=100&search=&org=41,
Stokomak,42,НЕГОТИНО,https://stokomak.proverkanaceni.mk/?page=1&perPage=100&search=&org=42,
Stokomak,43,ВЛАЕ,https://stokomak.proverkanaceni.mk/?page=1&perPage=100&search=&org=43,
Stokomak,44,РЕСЕН,https://stokomak.proverkanaceni.mk/?page=1&perPage=100&search=&org=44,
Stokomak,45,ПРОБИШТИП,https://stokomak.proverkanaceni.mk/?page=1&perPage=100&search=&org=45,
Stokomak,46,ШТИП 2,https://stokomak.proverkanaceni.mk/?page=1&perPage=100&search=&org=46,
Stokomak,47,ГЕВГЕЛИЈА,https://stokomak.proverkanaceni.mk/?page=1&perPage=100&search=&org=47,
Stokomak,48,СТРУМИЦА,https://stokomak.proverkanaceni.mk/?page=1&perPage=100&search=&org=48,
Stokomak,49,ГОСТИВАР,https://stokomak.proverkanaceni.mk/?page=1&perPage=100&search=&org=49,
Stokomak,50,БИТОЛА,https://stokomak.proverkanaceni.mk/?page=1&perPage=100&search=&org=50,
Stokomak,51,ОХРИД  2,https://stokomak.proverkanaceni.mk/?page=1&perPage=100&search=&org=51,
Stokomak,52,РАДОВИШ,https://stokomak.proverkanaceni.mk/?page=1&perPage=100&search=&org=52,
Stokomak,53,БИТОЛА 2,https://stokomak.proverkanaceni.mk/?page=1&perPage=100&search=&org=53,
Stokomak,54,КИЧЕВО,https://stokomak.proverkanaceni.mk/?page=1&perPage=100&search=&org=54,
Stokomak,55,СТРУМИЦА 2,https://stokomak.proverkanaceni.mk/?page=1&perPage=100&search=&org=55,
Stokomak,56,КАВАДАРЦИ,https://stokomak.proverkanaceni.mk/?page=1&perPage=100&search=&org=56,
Stokomak,57,СТРУГА,https://stokomak.proverkanaceni.mk/?page=1&perPage=100&search=&org=57,
Stokomak,58,ДЕЛЧЕВО,https://stokomak.proverkanaceni.mk/?page=1&perPage=100&search=&org=58,
Stokomak,59,ВИНИЦА,https://stokomak.proverkanaceni.mk/?page=1&perPage=100&search=&org=59,
Stokomak,60,ТЕТОВО 3,https://stokomak.proverkanaceni.mk/?page=1&perPage=100&search=&org=60,
Stokomak,61,КРИВА ПАЛАНКА,https://stokomak.proverkanaceni.mk/?page=1&perPage=100&search=&org=61,
Stokomak,62,ПРИЛЕП 2,https://stokomak.proverkanaceni.mk/?page=1&perPage=100&search=&org=62,
Stokomak,63,КИСЕЛА ВОДА 2,https://stokomak.proverkanaceni.mk/?page=1&perPage=100&search=&org=63,
Stokomak,64,ПЕТРОВЕЦ,https://stokomak.proverkanaceni.mk/?page=1&perPage=100&search=&org=64,
Stokomak,65,ВЕЛЕС 2,https://stokomak.proverkanaceni.mk/?page=1&perPage=100&search=&org=65,
Stokomak,66,НОВОСЕЛСКИ ПАТ,https://stokomak.proverkanaceni.mk/?page=1&perPage=100&search=&org=66,
Stokomak,67,СВЕТИ НИКОЛЕ,https://stokomak.proverkanaceni.mk/?page=1&perPage=100&search=&org=67,
Stokomak,68,БЕРОВО,https://stokomak.proverkanaceni.mk/?page=1&perPage=100&search=&org=68,
Stokomak,69,КРАТОВО,https://stokomak.proverkanaceni.mk/?page=1&perPage=100&search=&org=69,
Stokomak,70,ДЕБАР,https://stokomak.proverkanaceni.mk/?page=1&perPage=100&search=&org=70,
Stokomak,71,ШТИП  3,https://stokomak.proverkanaceni.mk/?page=1&perPage=100&search=&org=71,
Stokomak,72,ДРАЧЕВО  2,https://stokomak.proverkanaceni.mk/?page=1&perPage=100&search=&org=72,
Stokomak,73,ВЛАЕ 2  АЛЕКСАНДРИЈА,https://stokomak.proverkanaceni.mk/?page=1&perPage=100&search=&org=73,
Stokomak,74,ЧАИР 2,https://stokomak.proverkanaceni.mk/?page=1&perPage=100&search=&org=74,
Stokomak,75,СТРУГА 2,https://stokomak.proverkanaceni.mk/?page=1&perPage=100&search=&org=75,
Stokomak,76,КУМАНОВО 5,https://stokomak.proverkanaceni.mk/?page=1&perPage=100&search=&org=76,
Stokomak,77,КОЧАНИ 2,https://stokomak.proverkanaceni.mk/?page=1&perPage=100&search=&org=77,
Stokomak,78,МАРКЕТ МАЏАРИ,https://stokomak.proverkanaceni.mk/?page=1&perPage=100&search=&org=78,
Stokomak,79,СТРУМИЦА 3,https://stokomak.proverkanaceni.mk/?page=1&perPage=100&search=&org=79,
